unique_id,Comment
1,More options for us plant-based folk would be grand. Cheers!
2,Really enjoyed the Pad Thai! ??
3,The menu was a bit confusing to read.
4,Délicieux! J'ai adoré les nouilles au curry.
5,ggdfsgjkl
6,Loved it! Great job everyone.
7,"Add more vegetarian options, please!"
8,This food is fire ??????
9,"It was okay, I guess."
10,Needs more salt.
11,Needs more salt.
12,The music was way too loud.
13,So good! Will come back.
14,Not what I expected at all.
15,Me gustó mucho la sopa de fideos.
16,The spice level was intense! ??
17,"Could be better, honestly."
18,Not bad.
19,The service was super friendly.
20,A little slow.
21,More gluten-free choices?
22,The noodles were a little overcooked.
23,What I said before.
24,The atmosphere was really cool.
25,????????????
26,Portions were a bit small for the price.
27,It burned my mouth! Too spicy.
28,Good stuff.
29,The layout felt a bit cramped.
30,"More vegan options, please and thank you!"
31,The tea was excellent.
32,I think the price point is a bit high.
33,"The noodles lacked flavor, tbh."
34,Menu needs clearer allergy info.
35,"Honestly? The ramen was just... meh. Nothing special, ya know?"
36,I think they shuld offer some kind of loyalty program. I'd def come back.
37,"The vibe was chill, but the lighting was a lil dark for reading the menue."
38,"It took ages to get our food after ordering. We were about to leave!"""
39,Pretty good
40,"The Pad Thai was tasty, though it could have used a bit more spice, and the wait to order was quite long."
41,"The Pad Thai was tasty, though it could have used a bit more spice, and the wait to order was quite long."
42,"Loved the atmosphere, it was really chill, but the tables were a little sticky which was kind of off-putting."
43,"The vegetarian noodle bowl was decent, but honestly, for the price, the portion felt a bit small, and my friend said the music was too loud."
44,"Service was friendly, no complaints there, but the menu was so confusing I almost didn't order anything, and when the food finally came, the noodles were a tad overcooked."
45,"Really enjoyed the overall vibe of the place, it felt very welcoming, and the tea was excellent. However, finding a place to sit took a while as it was quite crowded."
46,"The curry noodles were delicious, I'd definitely get them again, but they were spicier than I expected, and I noticed there weren't many vegan options on the menu."
47,"I appreciated that they had gluten-free options, which is great, but the dish I ordered was a little bland and could have used more seasoning. The staff were nice though."
48,"The layout of the stall felt a bit cramped, making it hard to move around, especially with a tray of food. The food itself was good, though, especially the spring rolls."
49,"The service started out a bit slow, but once we ordered, the food came out quickly. The ramen was okay, nothing special, and I think the prices are a tad high for what you get."
50,"I liked the decorations and the general feel of the place, very unique, but it was hard to have a conversation because the music was so loud, and my water glass was empty for a while before anyone noticed."
51,"Le Pad Thaï était bon, mais un peu trop sucré à mon goût, et l'attente pour payer était longue."
52,"La ambiance était sympa, j'ai bien aimé le décor, mais il faisait un peu froid près de la fenêtre."
53,"Die vegetarische Nudelsuppe war lecker, aber die Portion hätte größer sein können, und der Service war etwas langsam."
54,"Mi è piaciuto molto l'arredamento del locale, molto originale, però la musica era un po' alta e ho dovuto aspettare un po' per il conto."
55,"El plato de fideos picantes estaba delicioso, aunque un poco aceitoso, y no había muchas opciones sin gluten."
56,hi hi hi hi hi hi
57,It was just okay.
58,"The spring rolls were crispy and tasty, but the dipping sauce was a bit bland, and it took a while for someone to take our order."
59,"I really liked the overall casual vibe, it felt very relaxed, but some of the tables hadn't been cleaned properly."
60,"The spicy noodles had a good kick, which I enjoyed, but there weren't any clear spice level options on the menu."
61,"Our server was friendly and helpful with recommendations, but the drink I ordered took ages to arrive."
62,"The portion size of the noodle bowl was generous, I couldn't even finish it, but the noodles themselves were a little mushy."
63,"The music selection was great, really added to the atmosphere, but the lighting was a bit too dim to read the menu easily."
64,"I appreciated the effort with the presentation of the food, it looked nice, but the flavor was just okay, nothing special."
65,"The tea was refreshing and well-brewed, but the bathroom could have been cleaner."
66,"The seating area was comfortable, with enough space, but it was quite noisy with everyone talking."
67,"While the food was pretty good overall, I thought the prices were a bit high for a quick noodle place."
68,"The aroma when I walked in was amazing, really inviting, but finding a place to park nearby was a nightmare."
69,"I enjoyed the variety of noodles on the menu, a lot of interesting choices, but the service felt a bit rushed."
70,"The broth of the soup was rich and flavorful, but some of the toppings tasted a little stale."
71,"The staff were efficient in taking our order, but they didn't check back on us after the food arrived."
72,"The portion of the appetizer was surprisingly small for the price, but the main noodle dish was quite filling."
73,"The artwork on the walls was cool and added character, but the chairs were really uncomfortable."
74,"The ginger in my noodles was fresh and zesty, but the overall dish could have used more sauce."
75,"The iced tea was perfect on a hot day, but the sugar dispenser on the table was sticky."
76,"The open kitchen concept was interesting to see, but it made the dining area quite noisy."
77,"While the food tasted authentic, the presentation could have been a bit more appealing."
78,"El servicio fue un poco lento al principio, pero la sopa de fideos era deliciosa y el ambiente muy agradable."
79,"Le ramen était délicieux, bien que un peu trop salé, et j'ai trouvé que les tables étaient trop proches les unes des autres."
80,"Das Curry war scharf, genau wie ich es mag, aber es gab keine klare Kennzeichnung für Allergene auf der Karte."
81,"Mi è piaciuto molto il sapore autentico dei noodles, però il locale era un po' rumoroso e ho dovuto aspettare tanto per un tavolo."
82,??????????????????????????????
83,The Peruvian lomo saltado with spaghetti was an interesting fusion.
84,"I'm boring and ordered the American chicken noodle soup, classic comfort food ????."
85,I hadn't tried spätzle before - it was interesting. I think my mom would like to try the other dishes - I'll bring her next time.
86,??in????
87,See above
88,This place is kind of quirky - you can't say it doesn't have character.
89,I came in because of the cute noodle art on the walls. The food was better than I expected.
90,The faloodeh was so interesting - I've never had noodles for dessert!
91,"I had to try the persian noodle dessert I saw online, and it did not disappoint!"
92,"The initial aroma upon entering was inviting, suggesting fresh ingredients, but navigating the menu felt a bit like a treasure hunt – not intuitively organized. The ""spicy"" noodles had a pleasant warmth, though those seeking a real kick might be underwhelmed."
93,"The decor created a relaxed and somewhat trendy vibe, making it a comfortable space. However, the noise level made conversation a bit challenging at times, and our server, while polite, wasn't particularly proactive in checking on our table."
94,"The noodles themselves had a satisfying texture, indicating they were likely made in-house, which is a definite plus. However, the accompanying vegetables in the dish felt a little bland and could have used more seasoning to complement the noodles."
95,"The restaurant has a unique character, and the effort in the presentation of the dishes was noticeable. However, the tables felt a bit too close together, making the dining experience feel somewhat less private and a little cramped."
96,"The broth in the noodle soup had a rich, savory depth, a highlight of the meal. Unfortunately, the service felt a little slow, particularly in getting our order taken initially, which slightly detracted from the overall enjoyment."
97,"The noodles were cooked perfectly - just the right amount of chewiness. However, the portion size of the appetizer we ordered felt disproportionately small compared to the price, leaving us wanting more."
98,The concept of the fusion dishes was interesting and showed creativity in the kitchen.
99,"There's a casual and welcoming feel to the place, making it feel like a neighborhood spot. However, the background music, while fitting the vibe, occasionally made it difficult to hear our conversation clearly."
100,"The presentation of the food was thoughtful and visually appealing, showing attention to detail. However, the temperature of the dish could have been warmer."
101,It was not what I expected. The noodles are soft and the restaurant atmosphere is fairly bright.
102,It was not what I expected! The noodles are a bit chewy and the restaurant is fairly quiet.
103,I was really surprised. The noodles are a bit hot so I burned my tongue a little bit.
104,I was really surprised! The noodles here sell like hot cakes!
105,It was okay. ??
106,it was okay! ??
107,it was okay... ??
108,"I loved how rich the broth tasted, but it was way too salty for me."
109,"The service was friendly, but the wait was longer than I expected."
110,"I appreciated the vegetarian options, but wish there were more spicy dishes."
111,"The portion was huge, which is great value, but I couldn't finish and felt wasteful."
112,The decor was beautiful but it got way too noisy during dinner.
113,It was definitely not what I expected!
114,It was definitely not what I was expecting!
115,Come here if you really like noodles
116,The 'Spicy Dragon' noodles were an explosion of flavor! The perfect balance of heat and savory notes left my taste buds dancing. I'll definitely be back for more!
117,"I opted for the 'Umami Bliss' and it lived up to its name. The subtle, yet complex, flavors were incredibly satisfying and comforting. A truly delightful bowl."
118,"Loved the fresh, clean taste of the 'Citrus Burst' noodles. The hint of lime was so refreshing and made for a light yet flavorful meal."
119,"The 'Garlic Bomb' noodles had a strong garlic flavor, which I usually enjoy, but it was a bit overpowering and lacked other nuanced tastes."
120,"While the 'Earthy Mushroom' noodles sounded appealing, the flavor profile was a little too subtle for my liking. I was hoping for a more pronounced mushroom taste."
121,"You can really taste the quality of the ingredients here. The vegetables in my noodle bowl were crisp and vibrant, and the noodles themselves tasted freshly made."
122,"Impressed with how fresh everything tasted! The herbs were fragrant, and the protein in my dish was cooked perfectly and tasted very fresh."
123,"The freshness of the ingredients truly elevates the dishes. It's clear they don't skimp on quality, making each bite a delight."
124,"The sprouts in my noodle salad seemed a little wilted, which was a bit disappointing. Everything else seemed okay, though."
125,"While the noodles were good, some of the vegetables in my stir-fry lacked that crispness I associate with truly fresh produce."
126,Generous portion sizes for the price! I definitely left feeling full and satisfied. Great value for money.
127,"I was pleasantly surprised by the amount of food I received. Definitely worth what I paid, and the quality was excellent too."
128,"For a quick and affordable meal, the portion sizes are fantastic. You definitely get your money's worth here."
129,I felt the portion size of the protein in my noodle bowl was a little small compared to the amount of noodles. Could have used a bit more.
130,"While the food was tasty, I thought it was a little on the pricier side for the portion size received. Didn't feel like the best value."
131,Love the extensive menu! So many different noodle styles and toppings to choose from. I could eat here for weeks and not have the same thing twice.
132,"As a vegetarian, I was thrilled with the number of delicious-sounding options available. It's great to see a noodle place that caters well to different dietary needs."
133,The menu offers a fantastic mix of classic noodle dishes and some more creative and unique options. Something for everyone!
134,"While there were a decent number of options, I would have liked to see more customization possibilities, like different types of noodles or more sauce choices."
135,"The menu seemed a little overwhelming with so many choices. It took me a while to decide, and I wasn't entirely sure what some of the dishes entailed."
136,The dishes are not only delicious but also beautifully presented. The vibrant colors and thoughtful arrangement made the meal even more enjoyable.
137,My noodle bowl looked like a work of art! The garnishes were fresh and added a lovely visual appeal to the dish.
138,"Even for a takeout order, the food was packaged nicely and still looked appetizing when I got home. Attention to detail!"
139,"While the taste was fine, the presentation was a bit basic. Just a pile of noodles in a bowl. Could have been a little more visually appealing."
140,"The toppings on my noodles were a bit haphazardly thrown on, which didn't look very appealing. A little more care in presentation would be nice."
141,"These noodles tasted incredibly authentic, just like the ones I had on my trip abroad! A real taste of Croatia"
142,I love that this place offers a unique twist on traditional noodle dishes. The 'Fusion Fiesta' was unlike anything I've tried before!
143,You can tell they take pride in the traditional methods of making their noodles. The texture and flavor were truly special.
144,The 'authentic persian' noodles didn't quite hit the mark for me. It lacked some of the key flavors I was expecting.
145,"While the 'unique' noodle creations sounded interesting, the flavors didn't quite come together as well as I had hoped."
146,"I've been here a few times now, and the food is consistently delicious. Always a reliable spot for a great bowl of noodles."
147,"Whether I dine in or order takeout, the quality and taste of the noodles are always top-notch and consistent."
148,It's great to know you can count on this place for a consistently good meal. Never had a bad experience here.
149,"My first visit was fantastic, but the noodles I had today weren't quite as flavorful as I remembered. Hope it was just an off day."
150,The portion size seemed to vary a bit between my last visit and this one. Consistency in this aspect would be appreciated.
151,"The restaurant was spotless! The tables were clean, and the overall environment felt very hygienic."
152,"I was impressed with how clean and well-maintained the entire establishment was, including the restrooms."
153,"You can tell they prioritize cleanliness here. Everything felt fresh and tidy, which made for a comfortable dining experience."
154,"While the dining area seemed clean, the condiment station could have used a bit of tidying up."
155,"I noticed a few sticky spots on our table when we were seated. Hopefully, this is something they'll address."
156,"Fast and efficient service! My noodles arrived quickly, which was perfect for my lunch break."
157,"Even though the restaurant was busy, the service was still impressively quick. I didn't have to wait long for my food at all."
158,"The staff was attentive and prompt. From ordering to receiving my meal, everything was handled swiftly."
159,"The wait for our food was a little longer than expected, especially considering it wasn't overly crowded."
160,"While the staff was friendly, the service felt a bit slow. We had to wait a while to place our order and receive our food."
161,The staff was incredibly friendly and welcoming. They made me feel right at home.
162,"Our server was so attentive and helpful, offering recommendations and checking in on us regularly without being intrusive."
163,Every staff member I interacted with was polite and had a smile on their face. Great customer service!
164,Our server seemed a bit rushed and wasn't very attentive to our needs. Had to flag them down a few times.
165,"While the staff wasn't rude, they weren't particularly friendly or engaging. A more welcoming attitude would enhance the experience."
166,The atmosphere was perfect – lively and energetic without being too loud. Great for a casual meal with friends.
167,I appreciated the calm and relaxed ambiance. It was easy to have a conversation without having to shout.
168,"The music was at a comfortable level, and the overall atmosphere was warm and inviting."
169,"The noise level was quite high, making it difficult to have a conversation without raising our voices."
170,The atmosphere felt a bit sterile and lacked warmth. Some softer lighting or decor might help.
171,"The seating was comfortable, and the layout of the restaurant felt spacious and well-organized."
172,I liked the cozy and intimate feel of the dining area. It made for a pleasant and relaxed meal.
173,"Plenty of room between tables, so you didn't feel cramped. The layout was well thought out."
174,"The seating was a bit uncomfortable, especially for a longer meal."
175,"The layout felt a little crowded, and it was a bit difficult to navigate between tables."
176,"Overall, a fantastic experience and great value for the quality of food and service. Highly recommend!"
177,"I will definitely be returning! Delicious noodles, friendly staff, and a pleasant atmosphere. A new favorite!"
178,"For a tasty and affordable meal, you can't beat this place. I would absolutely recommend it to others."
179,"While the food was decent, I'm not sure if it was worth the price. Probably wouldn't rush back."
180,"The experience was just okay. Nothing particularly stood out, so I'm not sure if I would recommend it."
181,"Perfect spot for a quick and tasty lunch. The noodles were satisfying, and the service was fast."
182,"Enjoyed a lovely date night here. The ambiance was cozy, and the food was delicious."
183,"Great for a family dinner! Plenty of options for everyone, and the atmosphere was welcoming for kids."
184,Felt a little out of place dining alone. The seating arrangement wasn't the most comfortable for solo diners.
185,"While the food was good, the overall experience wasn't quite special enough for a celebration. Lacked a bit of a celebratory atmosphere."
186,Super convenient location with easy parking. Made it a breeze to pop in for a meal.
187,"Easily accessible by public transport, which was a big plus for me."
188,Great location in the heart of town. Easy to find and get to.
189,Parking was a bit of a hassle in this area. Took me a while to find a spot.
190,"The location is a bit out of the way for me, so I probably wouldn't visit as often as I'd like."
191,"The online ordering system was super easy to use, and my takeout order was ready right on time."
192,Loved the digital menu! Easy to browse and see photos of the dishes.
193,Contactless payment options were appreciated and made the checkout process quick and seamless.
194,The online ordering system was a bit clunky and difficult to navigate.
195,I found a broken fingernail in my soup!
196,"The restaurant didn't have Wi-Fi available for customers, which would have been convenient."
197,"As someone with a gluten sensitivity, I was so impressed with the clearly marked menu and the knowledgeable staff who could answer my questions. Finally, delicious noodles I can enjoy without worry!"
198,"They were very accommodating to my vegan needs, offering several tasty plant-based options and even being willing to customize a dish for me. It's great to find a noodle place that takes dietary restrictions seriously."
199,"I have a severe nut allergy, and the staff went above and beyond to ensure my meal was safe. They double-checked ingredients and were very reassuring. I felt very well taken care of."
200,"While they had a few vegetarian options, the labeling for other dietary restrictions was unclear. It would be helpful to have more specific information on the menu regarding allergens and ingredients."
201,"I inquired about a dairy-free option, and the staff seemed a bit unsure. It would be beneficial if they had more training on common dietary restrictions and could confidently guide customers."""
202,I found a fly swimming in my soup.
203,Good
204,??
205,Yummy!
206,It was fine.
207,Noodles.
208,Okay
209,So so
210,Meh.
211,Not bad.
212,Edible.
213,eh
214,G00d
215,K
216,Soso
217,Noods
218,Tasty
219,Fine
220,I found a hair in my soup!
221,Just okay
222,Average
223,Could be better
224,Not great
225,Decent
226,Sorta good
227,Okey
228,Soso
229,Good.
230,Food.
231,????
232,Mmm
233,Ok
234,The furniture and wall decorations were beautiful! The owner certainly has excellent taste! I just went there to use the bathroom.
